step,distance_A,boost_kcal_mol
1.000000000000000000e+04,3.901087864965214980e+00,7.000000000000000000e+00
2.000000000000000000e+04,3.963221334853211708e+00,7.000000000000000000e+00
3.000000000000000000e+04,4.128792526128925111e+00,7.000000000000000000e+00
4.000000000000000000e+04,4.019397441913261204e+00,7.000000000000000000e+00
5.000000000000000000e+04,4.092023089963985782e+00,7.000000000000000000e+00
6.000000000000000000e+04,4.057710379125724742e+00,7.000000000000000000e+00
7.000000000000000000e+04,3.936353635362901837e+00,7.000000000000000000e+00
8.000000000000000000e+04,4.054195222041029112e+00,7.000000000000000000e+00
9.000000000000000000e+04,3.968340454883418467e+00,7.000000000000000000e+00
1.000000000000000000e+05,3.967761088384103907e+00,7.000000000000000000e+00
1.100000000000000000e+05,4.009716731867046136e+00,7.000000000000000000e+00
1.200000000000000000e+05,3.847406959348104838e+00,7.000000000000000000e+00
1.300000000000000000e+05,4.119216610410165735e+00,7.000000000000000000e+00
1.400000000000000000e+05,3.932891032482589200e+00,7.000000000000000000e+00
1.500000000000000000e+05,4.100026941965945859e+00,7.000000000000000000e+00
1.600000000000000000e+05,4.013632112385312034e+00,7.000000000000000000e+00
1.700000000000000000e+05,4.153203307962879620e+00,7.000000000000000000e+00
1.800000000000000000e+05,3.934003058620818116e+00,7.000000000000000000e+00
1.900000000000000000e+05,3.968820514353008200e+00,7.000000000000000000e+00
2.000000000000000000e+05,4.033776912655882896e+00,7.000000000000000000e+00
2.100000000000000000e+05,3.779252890180019531e+00,7.000000000000000000e+00
2.200000000000000000e+05,4.082792144155873437e+00,7.000000000000000000e+00
2.300000000000000000e+05,4.154163039469061403e+00,7.000000000000000000e+00
2.400000000000000000e+05,4.112680679326502720e+00,7.000000000000000000e+00
2.500000000000000000e+05,4.075476964431224758e+00,7.000000000000000000e+00
2.600000000000000000e+05,3.985402210688477442e+00,7.000000000000000000e+00
2.700000000000000000e+05,4.128190222705971024e+00,7.000000000000000000e+00
2.800000000000000000e+05,4.107403062197194643e+00,7.000000000000000000e+00
2.900000000000000000e+05,4.039262084457726942e+00,7.000000000000000000e+00
3.000000000000000000e+05,4.000511431282898656e+00,7.000000000000000000e+00
3.100000000000000000e+05,3.963823312783907760e+00,7.000000000000000000e+00
3.200000000000000000e+05,3.876976780450955395e+00,7.000000000000000000e+00
3.300000000000000000e+05,4.122622929282115045e+00,7.000000000000000000e+00
3.400000000000000000e+05,3.782795611331482011e+00,7.000000000000000000e+00
3.500000000000000000e+05,3.962985265414768588e+00,7.000000000000000000e+00
3.600000000000000000e+05,4.016438006967466556e+00,7.000000000000000000e+00
3.700000000000000000e+05,4.085988118461274077e+00,7.000000000000000000e+00
3.800000000000000000e+05,4.176166123651181117e+00,7.000000000000000000e+00
3.900000000000000000e+05,4.099332377595181320e+00,7.000000000000000000e+00
4.000000000000000000e+05,3.970847857390156221e+00,7.000000000000000000e+00
4.100000000000000000e+05,4.072812755788913996e+00,7.000000000000000000e+00
4.200000000000000000e+05,3.873839968308030457e+00,7.000000000000000000e+00
4.300000000000000000e+05,4.142993852668870325e+00,7.000000000000000000e+00
4.400000000000000000e+05,3.984352467517059626e+00,7.000000000000000000e+00
4.500000000000000000e+05,3.932624085001294123e+00,7.000000000000000000e+00
4.600000000000000000e+05,3.936093989956779282e+00,7.000000000000000000e+00
4.700000000000000000e+05,3.993863867237962495e+00,7.000000000000000000e+00
4.800000000000000000e+05,3.960721507743005798e+00,7.000000000000000000e+00
4.900000000000000000e+05,4.228990994731457675e+00,7.000000000000000000e+00
5.000000000000000000e+05,3.928181885211940561e+00,7.000000000000000000e+00
5.100000000000000000e+05,4.003260774315696935e+00,7.000000000000000000e+00
5.200000000000000000e+05,4.002804989558564230e+00,7.000000000000000000e+00
5.300000000000000000e+05,4.002827212273973423e+00,7.000000000000000000e+00
5.400000000000000000e+05,4.005534586195270919e+00,7.000000000000000000e+00
5.500000000000000000e+05,3.951843714181005218e+00,7.000000000000000000e+00
5.600000000000000000e+05,3.941659249953588073e+00,7.000000000000000000e+00
5.700000000000000000e+05,3.913783949792871475e+00,7.000000000000000000e+00
5.800000000000000000e+05,3.851182538674840838e+00,7.000000000000000000e+00
5.900000000000000000e+05,4.021630683310920773e+00,7.000000000000000000e+00
6.000000000000000000e+05,4.098437635069587692e+00,7.000000000000000000e+00
6.100000000000000000e+05,3.945691585898737141e+00,7.000000000000000000e+00
6.200000000000000000e+05,3.944138496095621615e+00,7.000000000000000000e+00
6.300000000000000000e+05,3.968351717067735152e+00,7.000000000000000000e+00
6.400000000000000000e+05,3.953936025876109372e+00,7.000000000000000000e+00
6.500000000000000000e+05,3.856373025097505458e+00,7.000000000000000000e+00
6.600000000000000000e+05,4.136510803203691466e+00,7.000000000000000000e+00
6.700000000000000000e+05,4.043899988755746300e+00,7.000000000000000000e+00
6.800000000000000000e+05,3.928830497280196621e+00,7.000000000000000000e+00
6.900000000000000000e+05,4.029717176153985392e+00,7.000000000000000000e+00
7.000000000000000000e+05,3.956154272738426680e+00,7.000000000000000000e+00
7.100000000000000000e+05,3.978836256662531934e+00,7.000000000000000000e+00
7.200000000000000000e+05,4.036396383157911494e+00,7.000000000000000000e+00
7.300000000000000000e+05,4.095296449197453725e+00,7.000000000000000000e+00
7.400000000000000000e+05,4.151952412924127422e+00,7.000000000000000000e+00
7.500000000000000000e+05,4.170390944894903917e+00,7.000000000000000000e+00
7.600000000000000000e+05,3.975114129256905660e+00,7.000000000000000000e+00
7.700000000000000000e+05,3.950025140886649133e+00,7.000000000000000000e+00
7.800000000000000000e+05,4.009959750192201966e+00,7.000000000000000000e+00
7.900000000000000000e+05,4.012834321228830881e+00,7.000000000000000000e+00
8.000000000000000000e+05,3.926577810755513820e+00,7.000000000000000000e+00
8.100000000000000000e+05,3.937952471176523694e+00,7.000000000000000000e+00
8.200000000000000000e+05,4.081327372042085067e+00,7.000000000000000000e+00
8.300000000000000000e+05,4.164180101374076237e+00,7.000000000000000000e+00
8.400000000000000000e+05,3.977349915162082805e+00,7.000000000000000000e+00
8.500000000000000000e+05,3.935203478900465957e+00,7.000000000000000000e+00
8.600000000000000000e+05,3.971662879337581220e+00,7.000000000000000000e+00
8.700000000000000000e+05,3.900486864002995713e+00,7.000000000000000000e+00
8.800000000000000000e+05,3.972712823021069095e+00,7.000000000000000000e+00
8.900000000000000000e+05,4.042244414146775711e+00,7.000000000000000000e+00
9.000000000000000000e+05,3.991865703841064317e+00,7.000000000000000000e+00
9.100000000000000000e+05,1.212345775970616124e+01,7.000000000000000000e+00
9.200000000000000000e+05,1.201508880322204398e+01,7.000000000000000000e+00
9.300000000000000000e+05,1.204811195273342150e+01,7.000000000000000000e+00
9.400000000000000000e+05,1.198512424675905130e+01,7.000000000000000000e+00
9.500000000000000000e+05,1.213156657065603561e+01,7.000000000000000000e+00
9.600000000000000000e+05,1.187776543977934196e+01,7.000000000000000000e+00
9.700000000000000000e+05,1.196964086596997667e+01,7.000000000000000000e+00
9.800000000000000000e+05,1.188263113243197999e+01,7.000000000000000000e+00
9.900000000000000000e+05,1.208262735070116811e+01,7.000000000000000000e+00
1.000000000000000000e+06,1.208503222896230156e+01,7.000000000000000000e+00
